n,concentration,raw_current,wash_current,barium_current,response,construct,nucleotide,method,measure,tolbutamide_response,unique_experiment_id
1,0.01,442.347137451171,975.394348144531,30.7943725585937,0.435690001619247,"W311*,C166S-GFP+SUR",ATP,patch_clamp,current,NA,1
2,0.01,1488.37377929687,3249.72778320312,128.731384277343,0.435643692343735,"W311*,C166S-GFP+SUR",ATP,patch_clamp,current,NA,2
3,0.01,958.518676757812,2078.78442382812,74.3602600097656,0.441103451409085,"W311*,C166S-GFP+SUR",ATP,patch_clamp,current,NA,3
4,0.01,493.090362548828,668.074127197265,67.2641677856445,0.708753555250981,"W311*,C166S-GFP+SUR",ATP,patch_clamp,current,NA,4
5,0.01,232.093963623046,568.298461914063,63.1341171264648,0.334465106731993,"W311*,C166S-GFP+SUR",ATP,patch_clamp,current,NA,5
1,0,NA,NA,NA,1,WT-GFP+SUR,TNP-ATP,patch_clamp,current,NA,6
1,1E-06,NA,NA,NA,0.410477880092203,WT-GFP+SUR,TNP-ATP,patch_clamp,current,NA,6
1,3E-06,NA,NA,NA,0.20885921467897,WT-GFP+SUR,TNP-ATP,patch_clamp,current,NA,6
1,1E-05,NA,NA,NA,0.160777423268932,WT-GFP+SUR,TNP-ATP,patch_clamp,current,NA,6
1,3E-05,NA,NA,NA,0.062578510867165,WT-GFP+SUR,TNP-ATP,patch_clamp,current,NA,6
1,0.0001,NA,NA,NA,0.049909397034925,WT-GFP+SUR,TNP-ATP,patch_clamp,current,NA,6
1,0.0003,NA,NA,NA,0.041126761535358,WT-GFP+SUR,TNP-ATP,patch_clamp,current,NA,6
3,0,NA,NA,NA,1,WT-GFP+SUR,TNP-ATP,patch_clamp,current,NA,7
3,1E-07,NA,NA,NA,0.978387070910664,WT-GFP+SUR,TNP-ATP,patch_clamp,current,NA,7
3,3E-07,NA,NA,NA,0.908902734758351,WT-GFP+SUR,TNP-ATP,patch_clamp,current,NA,7
3,1E-06,NA,NA,NA,0.723924182213462,WT-GFP+SUR,TNP-ATP,patch_clamp,current,NA,7
3,3E-06,NA,NA,NA,0.420254229708107,WT-GFP+SUR,TNP-ATP,patch_clamp,current,NA,7
3,1E-05,NA,NA,NA,0.09440019817236,WT-GFP+SUR,TNP-ATP,patch_clamp,current,NA,7
3,3E-05,NA,NA,NA,0.048200353692545,WT-GFP+SUR,TNP-ATP,patch_clamp,current,NA,7
4,0,NA,NA,NA,1,WT-GFP+SUR,TNP-ATP,patch_clamp,current,NA,8
4,1E-07,NA,NA,NA,0.941097497849983,WT-GFP+SUR,TNP-ATP,patch_clamp,current,NA,8
4,3E-07,NA,NA,NA,0.768712559448195,WT-GFP+SUR,TNP-ATP,patch_clamp,current,NA,8
4,1E-06,NA,NA,NA,0.447898559404676,WT-GFP+SUR,TNP-ATP,patch_clamp,current,NA,8
4,3E-06,NA,NA,NA,0.141653000338696,WT-GFP+SUR,TNP-ATP,patch_clamp,current,NA,8
4,1E-05,NA,NA,NA,0.030465548377638,WT-GFP+SUR,TNP-ATP,patch_clamp,current,NA,8
4,3E-05,NA,NA,NA,0.021432486313063,WT-GFP+SUR,TNP-ATP,patch_clamp,current,NA,8
5,0,NA,NA,NA,1,WT-GFP+SUR,TNP-ATP,patch_clamp,current,NA,9
5,1E-07,NA,NA,NA,0.886458851354898,WT-GFP+SUR,TNP-ATP,patch_clamp,current,NA,9
5,3E-07,NA,NA,NA,0.880600831623169,WT-GFP+SUR,TNP-ATP,patch_clamp,current,NA,9
5,1E-06,NA,NA,NA,0.643287375913888,WT-GFP+SUR,TNP-ATP,patch_clamp,current,NA,9
5,3E-06,NA,NA,NA,0.375045482411285,WT-GFP+SUR,TNP-ATP,patch_clamp,current,NA,9
5,1E-05,NA,NA,NA,0.133640508683087,WT-GFP+SUR,TNP-ATP,patch_clamp,current,NA,9
5,3E-05,NA,NA,NA,0.106805514666307,WT-GFP+SUR,TNP-ATP,patch_clamp,current,NA,9
6,0,NA,NA,NA,1,WT-GFP+SUR,TNP-ATP,patch_clamp,current,NA,10
6,1E-07,NA,NA,NA,0.96347669558079,WT-GFP+SUR,TNP-ATP,patch_clamp,current,NA,10
6,3E-07,NA,NA,NA,0.769010865707376,WT-GFP+SUR,TNP-ATP,patch_clamp,current,NA,10
6,1E-06,NA,NA,NA,0.662405843148215,WT-GFP+SUR,TNP-ATP,patch_clamp,current,NA,10
6,3E-06,NA,NA,NA,0.36113996534546,WT-GFP+SUR,TNP-ATP,patch_clamp,current,NA,10
6,1E-05,NA,NA,NA,0.100499738166413,WT-GFP+SUR,TNP-ATP,patch_clamp,current,NA,10
6,3E-05,NA,NA,NA,0.081023110293894,WT-GFP+SUR,TNP-ATP,patch_clamp,current,NA,10
7,0,NA,NA,NA,1,WT-GFP+SUR,TNP-ATP,patch_clamp,current,NA,11
7,1E-06,NA,NA,NA,0.442592560239038,WT-GFP+SUR,TNP-ATP,patch_clamp,current,NA,11
7,3E-06,NA,NA,NA,0.242555038569285,WT-GFP+SUR,TNP-ATP,patch_clamp,current,NA,11
7,1E-05,NA,NA,NA,0.08370894370298,WT-GFP+SUR,TNP-ATP,patch_clamp,current,NA,11
7,3E-05,NA,NA,NA,0.061514442423057,WT-GFP+SUR,TNP-ATP,patch_clamp,current,NA,11
7,0.0001,NA,NA,NA,0.029378518758616,WT-GFP+SUR,TNP-ATP,patch_clamp,current,NA,11
7,0.0003,NA,NA,NA,0.011943661021771,WT-GFP+SUR,TNP-ATP,patch_clamp,current,NA,11
8,0,NA,NA,NA,1,WT-GFP+SUR,TNP-ATP,patch_clamp,current,NA,12
8,1E-06,NA,NA,NA,0.534702452263536,WT-GFP+SUR,TNP-ATP,patch_clamp,current,NA,12
8,3E-06,NA,NA,NA,0.22282597436152,WT-GFP+SUR,TNP-ATP,patch_clamp,current,NA,12
8,1E-05,NA,NA,NA,0.050158809843926,WT-GFP+SUR,TNP-ATP,patch_clamp,current,NA,12
8,3E-05,NA,NA,NA,0.024820844962723,WT-GFP+SUR,TNP-ATP,patch_clamp,current,NA,12
8,0.0001,NA,NA,NA,0.023755530662382,WT-GFP+SUR,TNP-ATP,patch_clamp,current,NA,12
8,0.0003,NA,NA,NA,0.014467800223394,WT-GFP+SUR,TNP-ATP,patch_clamp,current,NA,12
1,0,NA,NA,NA,1,WT-GFP,ATP,patch_clamp,current,1.0080230779012,16
1,3E-05,NA,NA,NA,1.01653474060236,WT-GFP,ATP,patch_clamp,current,1.0080230779012,16
1,0.0001,NA,NA,NA,0.847042854504137,WT-GFP,ATP,patch_clamp,current,1.0080230779012,16
1,0.0003,NA,NA,NA,0.707330100492473,WT-GFP,ATP,patch_clamp,current,1.0080230779012,16
1,0.001,NA,NA,NA,0.370035033177376,WT-GFP,ATP,patch_clamp,current,1.0080230779012,16
1,0.003,NA,NA,NA,0.224414171852839,WT-GFP,ATP,patch_clamp,current,1.0080230779012,16
1,0.01,NA,NA,NA,0.106723830203442,WT-GFP,ATP,patch_clamp,current,1.0080230779012,16
2,0,NA,NA,NA,1,WT-GFP,ATP,patch_clamp,current,0.9602194727194,17
2,3E-05,NA,NA,NA,0.955800593827031,WT-GFP,ATP,patch_clamp,current,0.9602194727194,17
2,0.0001,NA,NA,NA,0.854726069779531,WT-GFP,ATP,patch_clamp,current,0.9602194727194,17
2,0.0003,NA,NA,NA,0.632474238929596,WT-GFP,ATP,patch_clamp,current,0.9602194727194,17
2,0.001,NA,NA,NA,0.313441867681562,WT-GFP,ATP,patch_clamp,current,0.9602194727194,17
2,0.003,NA,NA,NA,0.136410765322974,WT-GFP,ATP,patch_clamp,current,0.9602194727194,17
2,0.01,NA,NA,NA,0.074838068762632,WT-GFP,ATP,patch_clamp,current,0.9602194727194,17
1,0,NA,NA,NA,1,W311*-GFP+SUR,ATP,patch_clamp,current,0.459366430617395,18
1,3E-06,NA,NA,NA,0.978159432175123,W311*-GFP+SUR,ATP,patch_clamp,current,0.459366430617395,18
1,1E-05,NA,NA,NA,0.888904793396384,W311*-GFP+SUR,ATP,patch_clamp,current,0.459366430617395,18
1,3E-05,NA,NA,NA,0.616808951170904,W311*-GFP+SUR,ATP,patch_clamp,current,0.459366430617395,18
1,0.0001,NA,NA,NA,0.241274477565634,W311*-GFP+SUR,ATP,patch_clamp,current,0.459366430617395,18
1,0.0003,NA,NA,NA,0.045809499221013,W311*-GFP+SUR,ATP,patch_clamp,current,0.459366430617395,18
1,0.001,NA,NA,NA,0.014400377466597,W311*-GFP+SUR,ATP,patch_clamp,current,0.459366430617395,18
2,0,NA,NA,NA,1,W311*-GFP+SUR,ATP,patch_clamp,current,0.408061131648734,19
2,3E-06,NA,NA,NA,0.999793383646519,W311*-GFP+SUR,ATP,patch_clamp,current,0.408061131648734,19
2,1E-05,NA,NA,NA,0.953626195723956,W311*-GFP+SUR,ATP,patch_clamp,current,0.408061131648734,19
2,3E-05,NA,NA,NA,0.860388152018804,W311*-GFP+SUR,ATP,patch_clamp,current,0.408061131648734,19
2,0.0001,NA,NA,NA,0.555565901725978,W311*-GFP+SUR,ATP,patch_clamp,current,0.408061131648734,19
2,0.0003,NA,NA,NA,0.192730332392892,W311*-GFP+SUR,ATP,patch_clamp,current,0.408061131648734,19
2,0.001,NA,NA,NA,0.035915977599048,W311*-GFP+SUR,ATP,patch_clamp,current,0.408061131648734,19
3,0,NA,NA,NA,1,W311*-GFP+SUR,ATP,patch_clamp,current,0.37129183849262,20
3,3E-06,NA,NA,NA,1.00176783395302,W311*-GFP+SUR,ATP,patch_clamp,current,0.37129183849262,20
3,1E-05,NA,NA,NA,0.980931927842832,W311*-GFP+SUR,ATP,patch_clamp,current,0.37129183849262,20
3,3E-05,NA,NA,NA,0.85864180967067,W311*-GFP+SUR,ATP,patch_clamp,current,0.37129183849262,20
3,0.0001,NA,NA,NA,0.530209065474983,W311*-GFP+SUR,ATP,patch_clamp,current,0.37129183849262,20
3,0.0003,NA,NA,NA,0.186993412519137,W311*-GFP+SUR,ATP,patch_clamp,current,0.37129183849262,20
3,0.001,NA,NA,NA,0.024229111350335,W311*-GFP+SUR,ATP,patch_clamp,current,0.37129183849262,20
4,0,NA,NA,NA,1,W311*-GFP+SUR,ATP,patch_clamp,current,0.451514636390724,21
4,3E-06,NA,NA,NA,1.01097579621843,W311*-GFP+SUR,ATP,patch_clamp,current,0.451514636390724,21
4,1E-05,NA,NA,NA,0.978868179600829,W311*-GFP+SUR,ATP,patch_clamp,current,0.451514636390724,21
4,3E-05,NA,NA,NA,0.828196081830889,W311*-GFP+SUR,ATP,patch_clamp,current,0.451514636390724,21
4,0.0001,NA,NA,NA,0.387486128812698,W311*-GFP+SUR,ATP,patch_clamp,current,0.451514636390724,21
4,0.0003,NA,NA,NA,0.058388317997886,W311*-GFP+SUR,ATP,patch_clamp,current,0.451514636390724,21
4,0.001,NA,NA,NA,0.018960390400527,W311*-GFP+SUR,ATP,patch_clamp,current,0.451514636390724,21
1,1E-05,NA,NA,NA,0.867615158689986,WT-GFP,TNP-ATP,patch_clamp,current,0.967243132734116,22
1,0.0001,NA,NA,NA,0.765898989920069,WT-GFP,TNP-ATP,patch_clamp,current,0.967243132734116,22
1,0.001,NA,NA,NA,0.157727080960505,WT-GFP,TNP-ATP,patch_clamp,current,0.967243132734116,22
2,0.0001,NA,NA,NA,0.766543747583092,WT-GFP,TNP-ATP,patch_clamp,current,1.08144754047097,23
2,0.001,NA,NA,NA,0.250468790398805,WT-GFP,TNP-ATP,patch_clamp,current,1.08144754047097,23
3,1E-05,NA,NA,NA,0.92201812030557,WT-GFP,TNP-ATP,patch_clamp,current,1.03194773054944,24
3,0.0001,NA,NA,NA,0.759258072198749,WT-GFP,TNP-ATP,patch_clamp,current,1.03194773054944,24
3,0.001,NA,NA,NA,0.150136507567796,WT-GFP,TNP-ATP,patch_clamp,current,1.03194773054944,24
1,0.01,NA,NA,NA,0.51145631480058,WT-GFP+TMD0_232,ATP,patch_clamp,current,NA,25
1,0.001,NA,NA,NA,0.78050741302313,WT-GFP+TMD0_232,ATP,patch_clamp,current,NA,25
1,0.0001,NA,NA,NA,0.96600348159334,WT-GFP+TMD0_232,ATP,patch_clamp,current,NA,25
1,1E-05,NA,NA,NA,0.976178494118802,WT-GFP+TMD0_232,ATP,patch_clamp,current,NA,25
2,0.01,NA,NA,NA,0.535964084938163,WT-GFP+TMD0_232,ATP,patch_clamp,current,NA,26
2,0.001,NA,NA,NA,0.828919351720485,WT-GFP+TMD0_232,ATP,patch_clamp,current,NA,26
2,0.0001,NA,NA,NA,0.995464427954724,WT-GFP+TMD0_232,ATP,patch_clamp,current,NA,26
2,1E-05,NA,NA,NA,0.988290558514789,WT-GFP+TMD0_232,ATP,patch_clamp,current,NA,26
4,0.001,NA,NA,NA,0.121617289741508,WT-GFP,TNP-ATP,patch_clamp,current,NA,27
4,0.0003,NA,NA,NA,0.533299364171401,WT-GFP,TNP-ATP,patch_clamp,current,NA,27
4,0.0001,NA,NA,NA,0.714763013857039,WT-GFP,TNP-ATP,patch_clamp,current,NA,27
4,3E-05,NA,NA,NA,1.02756681551917,WT-GFP,TNP-ATP,patch_clamp,current,NA,27
5,0.001,NA,NA,NA,0.131456388056211,WT-GFP,TNP-ATP,patch_clamp,current,NA,28
5,0.0003,NA,NA,NA,0.562616641550599,WT-GFP,TNP-ATP,patch_clamp,current,NA,28
5,0.0001,NA,NA,NA,0.881253870614352,WT-GFP,TNP-ATP,patch_clamp,current,NA,28
5,3E-05,NA,NA,NA,0.980874524241647,WT-GFP,TNP-ATP,patch_clamp,current,NA,28
1,1E-06,NA,NA,NA,0.995,W311*-GFP+SUR,MG-ATP,patch_clamp,current,NA,29
1,1E-05,NA,NA,NA,0.921,W311*-GFP+SUR,MG-ATP,patch_clamp,current,NA,29
1,0.0001,NA,NA,NA,0.642,W311*-GFP+SUR,MG-ATP,patch_clamp,current,NA,29
1,0.001,NA,NA,NA,0.282,W311*-GFP+SUR,MG-ATP,patch_clamp,current,NA,29
1,0.01,NA,NA,NA,0.035,W311*-GFP+SUR,MG-ATP,patch_clamp,current,NA,29
2,1E-06,NA,NA,NA,0.991,W311*-GFP+SUR,MG-ATP,patch_clamp,current,NA,30
2,1E-05,NA,NA,NA,0.95,W311*-GFP+SUR,MG-ATP,patch_clamp,current,NA,30
2,0.0001,NA,NA,NA,0.622,W311*-GFP+SUR,MG-ATP,patch_clamp,current,NA,30
2,0.001,NA,NA,NA,0.19,W311*-GFP+SUR,MG-ATP,patch_clamp,current,NA,30
2,0.01,NA,NA,NA,0.016,W311*-GFP+SUR,MG-ATP,patch_clamp,current,NA,30
3,1E-06,NA,NA,NA,0.904,W311*-GFP+SUR,MG-ATP,patch_clamp,current,NA,31
3,1E-05,NA,NA,NA,0.722,W311*-GFP+SUR,MG-ATP,patch_clamp,current,NA,31
3,0.0001,NA,NA,NA,0.336,W311*-GFP+SUR,MG-ATP,patch_clamp,current,NA,31
3,0.001,NA,NA,NA,0.111,W311*-GFP+SUR,MG-ATP,patch_clamp,current,NA,31
3,0.01,NA,NA,NA,0.026,W311*-GFP+SUR,MG-ATP,patch_clamp,current,NA,31
4,1E-06,NA,NA,NA,0.999,W311*-GFP+SUR,MG-ATP,patch_clamp,current,NA,32
4,1E-05,NA,NA,NA,0.939,W311*-GFP+SUR,MG-ATP,patch_clamp,current,NA,32
4,0.0001,NA,NA,NA,0.563,W311*-GFP+SUR,MG-ATP,patch_clamp,current,NA,32
4,0.001,NA,NA,NA,0.188,W311*-GFP+SUR,MG-ATP,patch_clamp,current,NA,32
4,0.01,NA,NA,NA,0.049,W311*-GFP+SUR,MG-ATP,patch_clamp,current,NA,32
1,1E-06,NA,NA,NA,0.944,WT-GFP+SUR,MG-ATP,patch_clamp,current,NA,33
1,1E-05,NA,NA,NA,0.595,WT-GFP+SUR,MG-ATP,patch_clamp,current,NA,33
1,0.0001,NA,NA,NA,0.092,WT-GFP+SUR,MG-ATP,patch_clamp,current,NA,33
1,0.001,NA,NA,NA,0.013,WT-GFP+SUR,MG-ATP,patch_clamp,current,NA,33
1,0.01,NA,NA,NA,0.0037,WT-GFP+SUR,MG-ATP,patch_clamp,current,NA,33
2,1E-06,NA,NA,NA,1.01,WT-GFP+SUR,MG-ATP,patch_clamp,current,NA,34
2,1E-05,NA,NA,NA,0.683,WT-GFP+SUR,MG-ATP,patch_clamp,current,NA,34
2,0.0001,NA,NA,NA,0.194,WT-GFP+SUR,MG-ATP,patch_clamp,current,NA,34
2,0.001,NA,NA,NA,0.035,WT-GFP+SUR,MG-ATP,patch_clamp,current,NA,34
2,0.01,NA,NA,NA,0.011,WT-GFP+SUR,MG-ATP,patch_clamp,current,NA,34
3,1E-06,NA,NA,NA,0.962,WT-GFP+SUR,MG-ATP,patch_clamp,current,NA,35
3,1E-05,NA,NA,NA,0.687,WT-GFP+SUR,MG-ATP,patch_clamp,current,NA,35
3,0.0001,NA,NA,NA,0.224,WT-GFP+SUR,MG-ATP,patch_clamp,current,NA,35
3,0.001,NA,NA,NA,0.044,WT-GFP+SUR,MG-ATP,patch_clamp,current,NA,35
3,0.01,NA,NA,NA,0.0038,WT-GFP+SUR,MG-ATP,patch_clamp,current,NA,35
4,1E-06,NA,NA,NA,0.975,WT-GFP+SUR,MG-ATP,patch_clamp,current,NA,36
4,1E-05,NA,NA,NA,0.713,WT-GFP+SUR,MG-ATP,patch_clamp,current,NA,36
4,0.0001,NA,NA,NA,0.226,WT-GFP+SUR,MG-ATP,patch_clamp,current,NA,36
4,0.001,NA,NA,NA,0.028,WT-GFP+SUR,MG-ATP,patch_clamp,current,NA,36
4,0.01,NA,NA,NA,0.0032,WT-GFP+SUR,MG-ATP,patch_clamp,current,NA,36
1,0.001,NA,NA,NA,0.012824990433914,E179A-GFP+SUR,TNP-ATP,patch_clamp,current,NA,37
1,0.0001,NA,NA,NA,0.089673186538124,E179A-GFP+SUR,TNP-ATP,patch_clamp,current,NA,37
1,1E-05,NA,NA,NA,0.843255059195645,E179A-GFP+SUR,TNP-ATP,patch_clamp,current,NA,37
1,1E-06,NA,NA,NA,0.997695998536998,E179A-GFP+SUR,TNP-ATP,patch_clamp,current,NA,37
2,0.001,NA,NA,NA,0.036985238425656,E179A-GFP+SUR,TNP-ATP,patch_clamp,current,NA,38
2,0.0001,NA,NA,NA,0.123618107973124,E179A-GFP+SUR,TNP-ATP,patch_clamp,current,NA,38
2,1E-05,NA,NA,NA,0.622623578671678,E179A-GFP+SUR,TNP-ATP,patch_clamp,current,NA,38
2,1E-06,NA,NA,NA,0.967115467233882,E179A-GFP+SUR,TNP-ATP,patch_clamp,current,NA,38
3,0.001,NA,NA,NA,0.009142163483425,E179A-GFP+SUR,TNP-ATP,patch_clamp,current,NA,39
3,0.0001,NA,NA,NA,0.050107418893373,E179A-GFP+SUR,TNP-ATP,patch_clamp,current,NA,39
3,1E-05,NA,NA,NA,0.895706425564053,E179A-GFP+SUR,TNP-ATP,patch_clamp,current,NA,39
3,1E-06,NA,NA,NA,0.982456676710729,E179A-GFP+SUR,TNP-ATP,patch_clamp,current,NA,39
4,0.001,NA,NA,NA,0.018787225612778,E179A-GFP+SUR,TNP-ATP,patch_clamp,current,NA,40
4,0.0001,NA,NA,NA,0.027137164186263,E179A-GFP+SUR,TNP-ATP,patch_clamp,current,NA,40
4,1E-05,NA,NA,NA,0.293009667329848,E179A-GFP+SUR,TNP-ATP,patch_clamp,current,NA,40
4,1E-06,NA,NA,NA,0.984701590674976,E179A-GFP+SUR,TNP-ATP,patch_clamp,current,NA,40
5,0.001,NA,NA,NA,0.009082264499785,E179A-GFP+SUR,TNP-ATP,patch_clamp,current,NA,41
5,0.0001,NA,NA,NA,0.014980390548873,E179A-GFP+SUR,TNP-ATP,patch_clamp,current,NA,41
5,1E-05,NA,NA,NA,0.47196867814073,E179A-GFP+SUR,TNP-ATP,patch_clamp,current,NA,41
5,1E-06,NA,NA,NA,0.961262435255452,E179A-GFP+SUR,TNP-ATP,patch_clamp,current,NA,41
6,0.001,NA,NA,NA,0.000234108568142,E179A-GFP+SUR,TNP-ATP,patch_clamp,current,NA,42
6,0.0001,NA,NA,NA,0.025899050643735,E179A-GFP+SUR,TNP-ATP,patch_clamp,current,NA,42
6,1E-05,NA,NA,NA,0.404299488992392,E179A-GFP+SUR,TNP-ATP,patch_clamp,current,NA,42
6,1E-06,NA,NA,NA,1.00002872953418,E179A-GFP+SUR,TNP-ATP,patch_clamp,current,NA,42
7,0.001,NA,NA,NA,0.010462984724807,E179A-GFP+SUR,TNP-ATP,patch_clamp,current,NA,43
7,0.0001,NA,NA,NA,0.039618923182428,E179A-GFP+SUR,TNP-ATP,patch_clamp,current,NA,43
7,1E-05,NA,NA,NA,0.264495861922596,E179A-GFP+SUR,TNP-ATP,patch_clamp,current,NA,43
7,1E-06,NA,NA,NA,0.965847038422195,E179A-GFP+SUR,TNP-ATP,patch_clamp,current,NA,43
1,0.001,41.1824188232422,4388.27124023438,18.8832206726074,0.005103506040389,K39R-GFP+SUR,TNP-ATP,patch_clamp,current,NA,44
1,0.0001,74.8395614624023,4517.35888671875,18.8832206726074,0.01243895598061,K39R-GFP+SUR,TNP-ATP,patch_clamp,current,NA,44
1,1E-05,658.395568847656,4589.61157226563,18.8832206726074,0.139914757338874,K39R-GFP+SUR,TNP-ATP,patch_clamp,current,NA,44
1,1E-06,4399.25634765625,4634.33227539062,18.8832206726074,0.949067593435123,K39R-GFP+SUR,TNP-ATP,patch_clamp,current,NA,44
2,0.001,70.5477294921875,1277.67895507813,16.2913341522217,0.043013261300392,K39R-GFP+SUR,TNP-ATP,patch_clamp,current,NA,45
2,0.0001,35.4943351745605,1225.72698974609,16.2913341522217,0.015877654122004,K39R-GFP+SUR,TNP-ATP,patch_clamp,current,NA,45
2,1E-05,231.55046081543,1281.19372558594,16.2913341522217,0.170178448646318,K39R-GFP+SUR,TNP-ATP,patch_clamp,current,NA,45
2,1E-06,1274.89892578125,1310.04925537109,16.2913341522217,0.972830829467132,K39R-GFP+SUR,TNP-ATP,patch_clamp,current,NA,45
3,0.001,30.4452857971191,4991.54809570313,17.7351455688477,0.002555411784822,K39R-GFP+SUR,TNP-ATP,patch_clamp,current,NA,46
3,0.0001,30.4708061218262,5144.44995117188,17.7351455688477,0.002484175741366,K39R-GFP+SUR,TNP-ATP,patch_clamp,current,NA,46
3,1E-05,149.984222412109,5136.26196289063,17.7351455688477,0.025837332022119,K39R-GFP+SUR,TNP-ATP,patch_clamp,current,NA,46
3,1E-06,3640.13940429687,5070.15063476563,17.7351455688477,0.716964839189009,K39R-GFP+SUR,TNP-ATP,patch_clamp,current,NA,46
4,0.001,81.4302062988281,2873.97497558594,80.4166412353516,0.000362822229632,K39R-GFP+SUR,TNP-ATP,patch_clamp,current,NA,47
4,0.0001,134.246292114258,2956.21411132812,80.4166412353516,0.018718164766022,K39R-GFP+SUR,TNP-ATP,patch_clamp,current,NA,47
4,1E-05,231.303863525391,2933.63488769531,80.4166412353516,0.052883168848807,K39R-GFP+SUR,TNP-ATP,patch_clamp,current,NA,47
4,1E-06,1535.25170898438,2945.54333496094,80.4166412353516,0.507773380819425,K39R-GFP+SUR,TNP-ATP,patch_clamp,current,NA,47
1,0.001,84.017333984375,1794.09973144531,20.3533382415771,0.035892389118722,E179K-GFP+SUR,TNP-ATP,patch_clamp,current,NA,48
1,0.0001,198.095169067383,1360.97473144531,20.3533382415771,0.132581675726544,E179K-GFP+SUR,TNP-ATP,patch_clamp,current,NA,48
1,1E-05,1317.279296875,1341.79736328125,20.3533382415771,0.981446004566471,E179K-GFP+SUR,TNP-ATP,patch_clamp,current,NA,48
1,1E-06,1341.70532226563,1353.234375,20.3533382415771,0.991350276268906,E179K-GFP+SUR,TNP-ATP,patch_clamp,current,NA,48
2,0.001,48.1663932800293,5669.03002929688,19.3575019836426,0.005099214362799,E179K-GFP+SUR,TNP-ATP,patch_clamp,current,NA,49
2,0.0001,90.1124572753906,5710.408203125,19.3575019836426,0.012432669994938,E179K-GFP+SUR,TNP-ATP,patch_clamp,current,NA,49
2,1E-05,3327.69897460937,5626.41625976563,19.3575019836426,0.590031532670158,E179K-GFP+SUR,TNP-ATP,patch_clamp,current,NA,49
2,1E-06,4897.63037109375,5223.45678710937,19.3575019836426,0.937390430473358,E179K-GFP+SUR,TNP-ATP,patch_clamp,current,NA,49
2,1E-07,4880.11572265625,4884.30444335938,19.3575019836426,0.999138999714981,E179K-GFP+SUR,TNP-ATP,patch_clamp,current,NA,49
3,0.001,109.58366394043,8122.50048828125,22.2801475524902,0.010777918712775,E179K-GFP+SUR,TNP-ATP,patch_clamp,current,NA,50
3,0.0001,285.299072265625,8007.64965820313,22.2801475524902,0.032937602243995,E179K-GFP+SUR,TNP-ATP,patch_clamp,current,NA,50
3,1E-05,4786.09375,7205.88989257813,22.2801475524902,0.663150389780884,E179K-GFP+SUR,TNP-ATP,patch_clamp,current,NA,50
3,1E-06,6382.87353515625,6428.74194335938,22.2801475524902,0.992840290059461,E179K-GFP+SUR,TNP-ATP,patch_clamp,current,NA,50
3,1E-07,5898.8095703125,5904.72778320313,22.2801475524902,0.99899392000453,E179K-GFP+SUR,TNP-ATP,patch_clamp,current,NA,50
4,0.001,106.85733795166,4111.61450195313,40.5680236816406,0.016283114089664,E179K-GFP+SUR,TNP-ATP,patch_clamp,current,NA,51
4,0.0001,1580.98132324219,4105.51574707031,40.5680236816406,0.37895033451412,E179K-GFP+SUR,TNP-ATP,patch_clamp,current,NA,51
4,1E-05,4080.2138671875,4080.10437011719,40.5680236816406,1.00002710634611,E179K-GFP+SUR,TNP-ATP,patch_clamp,current,NA,51
4,1E-06,4066.49560546875,4077.55407714844,40.5680236816406,0.997260710952868,E179K-GFP+SUR,TNP-ATP,patch_clamp,current,NA,51
5,0.001,100.626182556152,4506.11303710938,25.4762363433838,0.016772157520092,E179K-GFP+SUR,TNP-ATP,patch_clamp,current,NA,52
5,0.0001,1387.42065429688,4498.92944335938,25.4762363433838,0.304450355223895,E179K-GFP+SUR,TNP-ATP,patch_clamp,current,NA,52
5,1E-05,4490.84619140625,4544.2138671875,25.4762363433838,0.988189693639885,E179K-GFP+SUR,TNP-ATP,patch_clamp,current,NA,52
5,1E-06,4553.892578125,4554.46020507813,25.4762363433838,0.999874667926174,E179K-GFP+SUR,TNP-ATP,patch_clamp,current,NA,52
6,0.001,174.318634033203,3256.38208007812,104.767456054688,0.022068427227224,E179K-GFP+SUR,TNP-ATP,patch_clamp,current,NA,53
6,0.0001,2353.28979492188,3608.63806152344,104.767456054688,0.641725278141765,E179K-GFP+SUR,TNP-ATP,patch_clamp,current,NA,53
6,1E-05,2870.85717773438,2969.81359863281,104.767456054688,0.965460793308763,E179K-GFP+SUR,TNP-ATP,patch_clamp,current,NA,53
6,1E-06,2979.42749023438,3066.74206542969,104.767456054688,0.970521497747161,E179K-GFP+SUR,TNP-ATP,patch_clamp,current,NA,53
7,0.001,47.285717010498,6381.44287109375,40.0642700195313,0.00113878187146,E179K-GFP+SUR,TNP-ATP,patch_clamp,current,NA,54
7,0.0001,558.486083984375,7199.04638671875,40.0642700195313,0.072415576057323,E179K-GFP+SUR,TNP-ATP,patch_clamp,current,NA,54
7,1E-05,5836.64794921875,7283.86401367187,40.0642700195313,0.800213131827491,E179K-GFP+SUR,TNP-ATP,patch_clamp,current,NA,54
7,1E-06,6599.78076171875,7236.837890625,40.0642700195313,0.911480176744443,E179K-GFP+SUR,TNP-ATP,patch_clamp,current,NA,54
5,0.0001,207.840621948242,7941.89965820313,62.0431251525879,0.018502557271714,K39R-GFP+SUR,TNP-ATP,patch_clamp,current,NA,55
5,1E-05,987.224182128906,8073.71069335938,62.0431251525879,0.115479211924341,K39R-GFP+SUR,TNP-ATP,patch_clamp,current,NA,55
5,1E-06,7757.76904296875,8104.64794921875,62.0431251525879,0.956869830877178,K39R-GFP+SUR,TNP-ATP,patch_clamp,current,NA,55
5,1E-07,8053.24072265625,8098.66552734375,62.0431251525879,0.994347774174992,K39R-GFP+SUR,TNP-ATP,patch_clamp,current,NA,55
6,0.0001,34.8905601501465,2865.1962890625,13.7816963195801,0.007402944448798,K39R-GFP+SUR,TNP-ATP,patch_clamp,current,NA,56
6,1E-05,178.725448608398,2850.19262695312,13.7816963195801,0.058152276352981,K39R-GFP+SUR,TNP-ATP,patch_clamp,current,NA,56
6,1E-06,2730.60913085938,2865.80212402344,13.7816963195801,0.952597466746441,K39R-GFP+SUR,TNP-ATP,patch_clamp,current,NA,56
6,1E-07,2869.20971679687,2899.65930175781,13.7816963195801,0.989448760784741,K39R-GFP+SUR,TNP-ATP,patch_clamp,current,NA,56
7,0.0001,63.7552108764649,6288.28637695313,26.5303325653076,0.005944798559267,K39R-GFP+SUR,TNP-ATP,patch_clamp,current,NA,57
7,1E-05,195.611938476563,6280.533203125,26.5303325653076,0.027035741653909,K39R-GFP+SUR,TNP-ATP,patch_clamp,current,NA,57
7,1E-06,5267.26611328125,6287.86059570313,26.5303325653076,0.837000375394603,K39R-GFP+SUR,TNP-ATP,patch_clamp,current,NA,57
7,1E-07,6125.712890625,6234.05981445313,26.5303325653076,0.982545886548867,K39R-GFP+SUR,TNP-ATP,patch_clamp,current,NA,57
8,0.0001,74.0200729370117,3254.10192871094,9.41910076141357,0.019909795687618,K39R-GFP+SUR,TNP-ATP,patch_clamp,current,NA,58
8,1E-05,252.317123413086,3233.82507324219,9.41910076141357,0.075331091904905,K39R-GFP+SUR,TNP-ATP,patch_clamp,current,NA,58
8,1E-06,2218.21728515625,3251.28295898437,9.41910076141357,0.681335886080545,K39R-GFP+SUR,TNP-ATP,patch_clamp,current,NA,58
8,1E-07,3172.38452148437,3231.0712890625,9.41910076141357,0.981783642631804,K39R-GFP+SUR,TNP-ATP,patch_clamp,current,NA,58
9,0.0001,216.515090942383,4126.3076171875,36.6073799133301,0.043990439541105,K39R-GFP+SUR,TNP-ATP,patch_clamp,current,NA,59
9,1E-05,327.405548095703,4125.00366210938,36.6073799133301,0.07112768628832,K39R-GFP+SUR,TNP-ATP,patch_clamp,current,NA,59
9,1E-06,2997.31005859375,4117.26953125,36.6073799133301,0.725544671153579,K39R-GFP+SUR,TNP-ATP,patch_clamp,current,NA,59
9,1E-07,4062.0244140625,4111.97595214844,36.6073799133301,0.987743062449308,K39R-GFP+SUR,TNP-ATP,patch_clamp,current,NA,59
9,0.001,55.8227462768555,6655.97436523438,23.8965740203857,0.004813901956754,WT-GFP+SUR,TNP-ATP,patch_clamp,current,NA,60
9,0.0001,60.2099189758301,5661.83203125,23.8965740203857,0.006440894052606,WT-GFP+SUR,TNP-ATP,patch_clamp,current,NA,60
9,1E-05,488.789642333984,6350.15258789062,23.8965740203857,0.073486287512603,WT-GFP+SUR,TNP-ATP,patch_clamp,current,NA,60
9,1E-06,4551.90185546875,7067.0078125,23.8965740203857,0.642898447593711,WT-GFP+SUR,TNP-ATP,patch_clamp,current,NA,60
9,1E-07,6254.66015625,7166.5,23.8965740203857,0.872337887270433,WT-GFP+SUR,TNP-ATP,patch_clamp,current,NA,60
10,0.001,43.6902809143066,1794.75720214844,20.3388023376465,0.013160074635808,WT-GFP+SUR,TNP-ATP,patch_clamp,current,NA,61
10,0.0001,63.975757598877,2847.59826660156,20.3388023376465,0.015434365261765,WT-GFP+SUR,TNP-ATP,patch_clamp,current,NA,61
10,1E-05,123.768882751465,2614.83642578125,20.3388023376465,0.039865166758773,WT-GFP+SUR,TNP-ATP,patch_clamp,current,NA,61
10,1E-06,702.331787109375,2411.86267089844,20.3388023376465,0.285170887791368,WT-GFP+SUR,TNP-ATP,patch_clamp,current,NA,61
10,1E-07,1509.564453125,2076.76953125,20.3388023376465,0.724179827625414,WT-GFP+SUR,TNP-ATP,patch_clamp,current,NA,61
11,0.001,69.6994705200195,4502.90283203125,26.4148025512695,0.009669336248349,WT-GFP+SUR,TNP-ATP,patch_clamp,current,NA,62
11,0.0001,72.7412109375,6313.74829101563,26.4148025512695,0.007368212370352,WT-GFP+SUR,TNP-ATP,patch_clamp,current,NA,62
11,1E-05,230.480926513672,6031.66137695313,26.4148025512695,0.033981306418334,WT-GFP+SUR,TNP-ATP,patch_clamp,current,NA,62
11,1E-06,2145.66357421875,5582.79370117188,26.4148025512695,0.381408253528857,WT-GFP+SUR,TNP-ATP,patch_clamp,current,NA,62
11,1E-07,3602.59057617187,4882.12084960938,26.4148025512695,0.736489346546684,WT-GFP+SUR,TNP-ATP,patch_clamp,current,NA,62
1,0.001,56.7505264282227,627.472015380859,14.7389612197876,0.068564222091716,K39A-GFP+SUR,TNP-ATP,patch_clamp,current,NA,63
1,0.0001,72.8273010253906,1330.11862182617,14.7389612197876,0.044160892512831,K39A-GFP+SUR,TNP-ATP,patch_clamp,current,NA,63
1,1E-05,342.277099609375,906.383056640625,14.7389612197876,0.367341790375448,K39A-GFP+SUR,TNP-ATP,patch_clamp,current,NA,63
1,1E-06,651.729675292969,750.12109375,14.7389612197876,0.866203686349438,K39A-GFP+SUR,TNP-ATP,patch_clamp,current,NA,63
2,0.001,124.636520385742,4672.27319335938,18.3200550079346,0.022844335174262,K39A-GFP+SUR,TNP-ATP,patch_clamp,current,NA,64
2,0.0001,308.509552001953,5434.400390625,18.3200550079346,0.053579245323538,K39A-GFP+SUR,TNP-ATP,patch_clamp,current,NA,64
2,1E-05,2124.06030273437,5030.95874023438,18.3200550079346,0.420086182140478,K39A-GFP+SUR,TNP-ATP,patch_clamp,current,NA,64
2,1E-06,3418.59521484375,4685.89965820313,18.3200550079346,0.728487877851758,K39A-GFP+SUR,TNP-ATP,patch_clamp,current,NA,64
3,0.001,50.689151763916,2988.80554199219,19.9611263275146,0.010350163610552,K39A-GFP+SUR,TNP-ATP,patch_clamp,current,NA,65
3,0.0001,122.842964172363,3298.671875,19.9611263275146,0.031378747846697,K39A-GFP+SUR,TNP-ATP,patch_clamp,current,NA,65
3,1E-05,1857.27673339844,3158.08581542969,19.9611263275146,0.585482027993153,K39A-GFP+SUR,TNP-ATP,patch_clamp,current,NA,65
3,1E-06,2339.5654296875,3069.96508789062,19.9611263275146,0.760525013276114,K39A-GFP+SUR,TNP-ATP,patch_clamp,current,NA,65
4,0.001,181.874450683594,6653.73168945313,26.849645614624,0.023393324951831,K39A-GFP+SUR,TNP-ATP,patch_clamp,current,NA,66
4,0.0001,388.303283691406,8101.8466796875,26.849645614624,0.044762076883943,K39A-GFP+SUR,TNP-ATP,patch_clamp,current,NA,66
4,1E-06,5347.947265625,7064.06518554688,26.849645614624,0.756136797262515,K39A-GFP+SUR,TNP-ATP,patch_clamp,current,NA,66
5,0.001,177.134216308594,7814.29418945312,44.9775772094727,0.017010072532101,K39A-GFP+SUR,TNP-ATP,patch_clamp,current,NA,67
5,0.0001,801.429382324219,9130.97900390625,44.9775772094727,0.08325464300414,K39A-GFP+SUR,TNP-ATP,patch_clamp,current,NA,67
5,1E-05,4952.654296875,8531.9501953125,44.9775772094727,0.578259992166968,K39A-GFP+SUR,TNP-ATP,patch_clamp,current,NA,67
5,1E-06,7940.40576171875,8282.1181640625,44.9775772094727,0.958515652520349,K39A-GFP+SUR,TNP-ATP,patch_clamp,current,NA,67
5,1E-07,7806.3896484375,8053.66064453125,44.9775772094727,0.969124637095117,K39A-GFP+SUR,TNP-ATP,patch_clamp,current,NA,67
1,0.001,144.726257324219,2746.6550390625,12.4476079940796,0.048379156543529,K39E-GFP+SUR,TNP-ATP,patch_clamp,current,NA,68
1,0.0001,523.202331542969,3815.31848144531,12.4476079940796,0.134307669270233,K39E-GFP+SUR,TNP-ATP,patch_clamp,current,NA,68
1,1E-05,1717.2275390625,3255.78015136719,12.4476079940796,0.525626006050994,K39E-GFP+SUR,TNP-ATP,patch_clamp,current,NA,68
1,1E-06,2138.35009765625,2824.00085449219,12.4476079940796,0.756130972198396,K39E-GFP+SUR,TNP-ATP,patch_clamp,current,NA,68
2,0.001,52.1922187805176,2820.86437988281,7.53493309020996,0.015873464709659,K39E-GFP+SUR,TNP-ATP,patch_clamp,current,NA,69
2,0.0001,202.192718505859,3017.93884277344,7.53493309020996,0.064661683699492,K39E-GFP+SUR,TNP-ATP,patch_clamp,current,NA,69
2,1E-05,1218.80627441406,2881.95776367187,7.53493309020996,0.421396368146276,K39E-GFP+SUR,TNP-ATP,patch_clamp,current,NA,69
2,1E-06,2186.58520507813,2900.42687988281,7.53493309020996,0.753242883614739,K39E-GFP+SUR,TNP-ATP,patch_clamp,current,NA,69
3,0.001,212.449630737305,2600.96710205078,27.3681449890137,0.071915433925881,K39E-GFP+SUR,TNP-ATP,patch_clamp,current,NA,70
3,0.0001,242.206436157227,2950.38439941406,27.3681449890137,0.073498835609613,K39E-GFP+SUR,TNP-ATP,patch_clamp,current,NA,70
3,1E-05,856.614685058594,2185.89343261719,27.3681449890137,0.384172724230982,K39E-GFP+SUR,TNP-ATP,patch_clamp,current,NA,70
3,1E-06,1084.51220703125,1698.51629638672,27.3681449890137,0.632585483913002,K39E-GFP+SUR,TNP-ATP,patch_clamp,current,NA,70
4,0.001,262.666961669922,2821.9677734375,23.5759296417236,0.085438725301562,K39E-GFP+SUR,TNP-ATP,patch_clamp,current,NA,71
4,0.0001,1006.56146240234,4280.30004882813,23.5759296417236,0.230925356033762,K39E-GFP+SUR,TNP-ATP,patch_clamp,current,NA,71
4,1E-05,2398.24853515625,3124.36511230469,23.5759296417236,0.765828460313175,K39E-GFP+SUR,TNP-ATP,patch_clamp,current,NA,71
4,1E-06,2525.82690429687,2742.47631835938,23.5759296417236,0.920317266876893,K39E-GFP+SUR,TNP-ATP,patch_clamp,current,NA,71
5,0.001,250.574447631836,4229.87963867188,45.7595291137695,0.048950535155574,K39E-GFP+SUR,TNP-ATP,patch_clamp,current,NA,72
5,0.0001,498.422760009766,4539.56127929688,45.7595291137695,0.100730574257654,K39E-GFP+SUR,TNP-ATP,patch_clamp,current,NA,72
5,1E-05,3426.27856445312,4472.361328125,45.7595291137695,0.763682659708506,K39E-GFP+SUR,TNP-ATP,patch_clamp,current,NA,72
5,1E-06,4179.3193359375,4380.35327148438,45.7595291137695,0.953621043286763,K39E-GFP+SUR,TNP-ATP,patch_clamp,current,NA,72
12,0.0001,58.4085845947266,4337.39379882813,11.7189626693726,0.010793604164389,WT-GFP+SUR,TNP-ATP,patch_clamp,current,NA,73
12,1E-05,260.164489746094,2427.21166992187,11.7189626693726,0.102855010214175,WT-GFP+SUR,TNP-ATP,patch_clamp,current,NA,73
12,1E-06,889.923278808594,2062.49328613281,11.7189626693726,0.428230598604371,WT-GFP+SUR,TNP-ATP,patch_clamp,current,NA,73
12,1E-07,1304.81530761719,2000.8941040039,11.7189626693726,0.650066612073325,WT-GFP+SUR,TNP-ATP,patch_clamp,current,NA,73
13,0.0001,203.032379150391,3616.72058105468,11.7529859542847,0.053059948016198,WT-GFP+SUR,TNP-ATP,patch_clamp,current,NA,74
13,1E-05,1463.2001953125,4639.31518554687,11.7529859542847,0.313652663487916,WT-GFP+SUR,TNP-ATP,patch_clamp,current,NA,74
13,1E-06,4190.359375,4505.04663085937,11.7529859542847,0.929965125645372,WT-GFP+SUR,TNP-ATP,patch_clamp,current,NA,74
13,1E-07,4194.7900390625,4229.64013671875,11.7529859542847,0.991737546214357,WT-GFP+SUR,TNP-ATP,patch_clamp,current,NA,74
14,0.0001,70.4890670776367,3905.22814941407,11.1548,0.015237069709168,WT-GFP+SUR,TNP-ATP,patch_clamp,current,NA,75
14,1E-05,296.633850097656,5296.099609375,11.1548,0.054017413690157,WT-GFP+SUR,TNP-ATP,patch_clamp,current,NA,75
14,1E-06,2318.14501953125,4556.34228515625,11.1548,0.507567669554987,WT-GFP+SUR,TNP-ATP,patch_clamp,current,NA,75
6,0.001,73.2438888549805,4804.13330078125,8.93813037872314,0.013410456966001,K39A-GFP+SUR,TNP-ATP,patch_clamp,current,NA,76
6,0.0001,243.306457519531,5010.00317382813,8.93813037872314,0.046863683056431,K39A-GFP+SUR,TNP-ATP,patch_clamp,current,NA,76
6,1E-05,2713.49633789062,5009.13793945313,8.93813037872314,0.540890026555268,K39A-GFP+SUR,TNP-ATP,patch_clamp,current,NA,76
6,1E-06,4498.669921875,4884.54125976562,8.93813037872314,0.920856696566452,K39A-GFP+SUR,TNP-ATP,patch_clamp,current,NA,76
7,0.001,144.437469482422,1267.50115966797,8.74596977233887,0.107798165043779,K39A-GFP+SUR,TNP-ATP,patch_clamp,current,NA,77
7,0.0001,269.966491699219,1311.44482421876,8.74596977233887,0.200522569767582,K39A-GFP+SUR,TNP-ATP,patch_clamp,current,NA,77
7,1E-05,1032.14587402344,1221.42889404297,8.74596977233887,0.843913840764786,K39A-GFP+SUR,TNP-ATP,patch_clamp,current,NA,77
7,1E-06,1164.15966796875,1240.40985107422,8.74596977233887,0.938091727570291,K39A-GFP+SUR,TNP-ATP,patch_clamp,current,NA,77
8,0.001,79.1912002563477,4622.7236328125,5.20745515823364,0.016022411671484,K39A-GFP+SUR,TNP-ATP,patch_clamp,current,NA,78
8,0.0001,556.018127441406,4622.7236328125,5.20745515823364,0.119287220897835,K39A-GFP+SUR,TNP-ATP,patch_clamp,current,NA,78
8,1E-05,3556.03149414062,4622.7236328125,5.20745515823364,0.768990059237049,K39A-GFP+SUR,TNP-ATP,patch_clamp,current,NA,78
8,1E-06,4288.7138671875,4622.7236328125,5.20745515823364,0.927664624708542,K39A-GFP+SUR,TNP-ATP,patch_clamp,current,NA,78
9,0.001,52.9615707397461,3523.6904296875,4.73815822601318,0.013703912072017,K39A-GFP+SUR,TNP-ATP,patch_clamp,current,NA,79
9,0.0001,151.126556396484,3523.6904296875,4.73815822601318,0.041599995361595,K39A-GFP+SUR,TNP-ATP,patch_clamp,current,NA,79
9,1E-05,2098.65283203125,3523.6904296875,4.73815822601318,0.595039236759979,K39A-GFP+SUR,TNP-ATP,patch_clamp,current,NA,79
9,1E-06,2984.33618164063,3523.6904296875,4.73815822601318,0.846728740136374,K39A-GFP+SUR,TNP-ATP,patch_clamp,current,NA,79
1,0.001,70.5974884033203,1719.48364257813,27.0458889007568,0.025733058369759,WT-GFP+SUR,ATP,patch_clamp,current,NA,80
1,0.0001,230.785736083984,1705.12976074219,27.0458889007568,0.121412195541606,WT-GFP+SUR,ATP,patch_clamp,current,NA,80
1,1E-05,1497.67395019531,1713.8296508789,27.0458889007568,0.871853342701081,WT-GFP+SUR,ATP,patch_clamp,current,NA,80
1,1E-06,1718.21362304688,1754.12707519532,27.0458889007568,0.979205695462709,WT-GFP+SUR,ATP,patch_clamp,current,NA,80
2,0.001,184.257415771484,6454.5791015625,0,0.02854677475823,WT-GFP+SUR,ATP,patch_clamp,current,NA,81
2,0.0001,1004.38989257813,4965.509765625,0,0.202273269006794,WT-GFP+SUR,ATP,patch_clamp,current,NA,81
2,1E-05,3199.6083984375,4072.27612304688,0,0.785705168745668,WT-GFP+SUR,ATP,patch_clamp,current,NA,81
2,1E-06,3082.71435546875,3266.22399902344,0,0.943815964976818,WT-GFP+SUR,ATP,patch_clamp,current,NA,81
3,0.001,169.501037597656,5002.70776367188,55.0280532836914,0.023136700638406,WT-GFP+SUR,ATP,patch_clamp,current,NA,82
3,0.0001,461.028564453125,4753.94287109375,55.0280532836914,0.086403037065194,WT-GFP+SUR,ATP,patch_clamp,current,NA,82
3,1E-05,3833.69018554687,4657.84130859375,55.0280532836914,0.820946217599401,WT-GFP+SUR,ATP,patch_clamp,current,NA,82
3,1E-06,4566.1416015625,4647.95971679688,55.0280532836914,0.982186080432168,WT-GFP+SUR,ATP,patch_clamp,current,NA,82
4,0.001,234.710510253906,9245.49658203125,8.7819995880127,0.024459834570977,WT-GFP+SUR,ATP,patch_clamp,current,NA,83
4,0.0001,2909.9638671875,9080.93115234375,8.7819995880127,0.319789921742879,WT-GFP+SUR,ATP,patch_clamp,current,NA,83
4,1E-05,7831.3544921875,8962.33642578125,8.7819995880127,0.873683469183466,WT-GFP+SUR,ATP,patch_clamp,current,NA,83
4,1E-06,7974.603515625,8056.7255859375,8.7819995880127,0.989795893891231,WT-GFP+SUR,ATP,patch_clamp,current,NA,83
8,0.001,128.130767822266,5612.25,142.30517578125,-0.002591325582705,WT-GFP+SUR,ATP,patch_clamp,current,NA,84
8,0.0001,1425.36206054688,5410.79296875,142.30517578125,0.243534185744527,WT-GFP+SUR,ATP,patch_clamp,current,NA,84
8,1E-05,4532.3740234375,5218.9921875,142.30517578125,0.864750739512295,WT-GFP+SUR,ATP,patch_clamp,current,NA,84
8,1E-06,5075.01904296875,5100.53930664063,142.30517578125,0.994852953088068,WT-GFP+SUR,ATP,patch_clamp,current,NA,84
4,0.001,359.263275146484,933.869262695313,49.9180221557617,0.349957371858999,WT-GFP,TNP-ATP,patch_clamp,current,NA,85
4,0.0001,718.033386230469,841.445831298828,49.9180221557617,0.84408324806431,WT-GFP,TNP-ATP,patch_clamp,current,NA,85
4,1E-05,877.33544921875,868.469635009766,49.9180221557617,1.01083109979843,WT-GFP,TNP-ATP,patch_clamp,current,NA,85
4,1E-06,936.039245605469,894.508026123047,49.9180221557617,1.04917323113859,WT-GFP,TNP-ATP,patch_clamp,current,NA,85
5,0.001,147.844467163086,595.334686279297,77.9826,0.135037373997117,WT-GFP,TNP-ATP,patch_clamp,current,NA,85
5,0.0001,407.148132324219,492.382781982422,77.9826,0.794318020686056,WT-GFP,TNP-ATP,patch_clamp,current,NA,86
5,1E-05,465.530120849609,489.358688354492,77.9826,0.942075953903404,WT-GFP,TNP-ATP,patch_clamp,current,NA,86
5,1E-06,459.726226806641,467.799179077148,77.9826,0.979290382441866,WT-GFP,TNP-ATP,patch_clamp,current,NA,86
5,0.01,61.5075912475586,2986.00134277344,6.4706072807312,0.018471695328132,W311*-GFP+SUR,ATP,patch_clamp,current,NA,87
5,0.001,216.69367980957,2633.9287109375,6.4706072807312,0.080010056958191,W311*-GFP+SUR,ATP,patch_clamp,current,NA,87
5,0.0001,1691.78442382813,2824.90258789062,6.4706072807312,0.597961500629403,W311*-GFP+SUR,ATP,patch_clamp,current,NA,87
5,1E-05,2584.82739257812,2708.67761230469,6.4706072807312,0.954167012558142,W311*-GFP+SUR,ATP,patch_clamp,current,NA,87
5,1E-06,2664.80419921875,2670.84033203125,6.4706072807312,0.997734498798561,W311*-GFP+SUR,ATP,patch_clamp,current,NA,87
6,0.01,19.8086051940918,955.806732177734,8.00965976715088,0.012448809740393,W311*-GFP+SUR,ATP,patch_clamp,current,NA,88
6,0.001,50.8676567077637,921.952606201172,8.00965976715088,0.046893514642062,W311*-GFP+SUR,ATP,patch_clamp,current,NA,88
6,0.0001,339.810302734375,873.638793945313,8.00965976715088,0.383305771336173,W311*-GFP+SUR,ATP,patch_clamp,current,NA,88
6,1E-05,805.2529296875,838.793334960937,8.00965976715088,0.959627991888967,W311*-GFP+SUR,ATP,patch_clamp,current,NA,88
6,1E-06,837.429382324219,832.865386962891,8.00965976715088,1.00553308319364,W311*-GFP+SUR,ATP,patch_clamp,current,NA,88
7,0.01,38.1246910095215,4191.60693359375,12.5152244567871,0.006127998219504,W311*-GFP+SUR,ATP,patch_clamp,current,NA,89
7,0.001,111.860977172852,4218.74047851563,12.5152244567871,0.023618742866945,W311*-GFP+SUR,ATP,patch_clamp,current,NA,89
7,0.0001,2065.89794921875,4144.04174804688,12.5152244567871,0.497003398873905,W311*-GFP+SUR,ATP,patch_clamp,current,NA,89
7,1E-05,3951.7138671875,4112.66455078125,12.5152244567871,0.960745165411321,W311*-GFP+SUR,ATP,patch_clamp,current,NA,89
7,1E-06,4061.8173828125,4076.85192871094,12.5152244567871,0.996300861126318,W311*-GFP+SUR,ATP,patch_clamp,current,NA,89
